코트명,날짜,슬롯 시작,슬롯 종료,예약 가능,최종 갱신
예시 테니스장 A,2026-10-01,18:00,19:00,가능,2026-09-29T09:00:00+09:00 (예시)
예시 테니스장 A,2026-10-01,20:00,21:00,가능,2026-09-29T09:00:00+09:00 (예시)
예시 테니스장 A,2026-10-01,21:00,22:00,가능,2026-09-29T09:00:00+09:00 (예시)
예시 테니스장 A,2026-10-02,18:00,19:00,가능,2026-09-29T09:00:00+09:00 (예시)
예시 테니스장 A,2026-10-02,19:00,20:00,가능,2026-09-29T09:00:00+09:00 (예시)
예시 테니스장 A,2026-10-02,20:00,21:00,가능,2026-09-29T09:00:00+09:00 (예시)
예시 테니스장 A,2026-10-02,21:00,22:00,가능,2026-09-29T09:00:00+09:00 (예시)
예시 테니스장 A,2026-10-03,19:00,20:00,가능,2026-09-29T09:00:00+09:00 (예시)
예시 테니스장 A,2026-10-04,18:00,19:00,가능,2026-09-29T09:00:00+09:00 (예시)
예시 테니스장 A,2026-10-04,19:00,20:00,가능,2026-09-29T09:00:00+09:00 (예시)
예시 테니스장 A,2026-10-04,20:00,21:00,가능,2026-09-29T09:00:00+09:00 (예시)
예시 테니스장 A,2026-10-05,17:00,18:00,가능,2026-09-29T09:00:00+09:00 (예시)
예시 테니스장 A,2026-10-05,19:00,20:00,가능,2026-09-29T09:00:00+09:00 (예시)
예시 테니스장 A,2026-10-05,22:00,23:00,가능,2026-09-29T09:00:00+09:00 (예시)
예시 테니스장 A,2026-10-06,17:00,18:00,가능,2026-09-29T09:00:00+09:00 (예시)
예시 테니스장 A,2026-10-06,20:00,21:00,가능,2026-09-29T09:00:00+09:00 (예시)
예시 테니스장 A,2026-10-06,22:00,23:00,가능,2026-09-29T09:00:00+09:00 (예시)
예시 테니스장 A,2026-10-07,18:00,19:00,가능,2026-09-29T09:00:00+09:00 (예시)
예시 테니스장 A,2026-10-07,21:00,22:00,가능,2026-09-29T09:00:00+09:00 (예시)
예시 테니스장 A,2026-10-08,18:00,19:00,가능,2026-09-29T09:00:00+09:00 (예시)
예시 테니스장 A,2026-10-08,21:00,22:00,가능,2026-09-29T09:00:00+09:00 (예시)
예시 테니스장 A,2026-10-09,18:00,19:00,가능,2026-09-29T09:00:00+09:00 (예시)
예시 테니스장 A,2026-10-09,20:00,21:00,가능,2026-09-29T09:00:00+09:00 (예시)
예시 테니스장 A,2026-10-09,21:00,22:00,가능,2026-09-29T09:00:00+09:00 (예시)
예시 테니스장 A,2026-10-10,17:00,18:00,가능,2026-09-29T09:00:00+09:00 (예시)
예시 테니스장 A,2026-10-10,18:00,19:00,가능,2026-09-29T09:00:00+09:00 (예시)
예시 테니스장 A,2026-10-10,22:00,23:00,가능,2026-09-29T09:00:00+09:00 (예시)
예시 테니스장 A,2026-10-11,17:00,18:00,가능,2026-09-29T09:00:00+09:00 (예시)
예시 테니스장 A,2026-10-11,18:00,19:00,가능,2026-09-29T09:00:00+09:00 (예시)
예시 테니스장 A,2026-10-11,20:00,21:00,가능,2026-09-29T09:00:00+09:00 (예시)
예시 테니스장 A,2026-10-11,21:00,22:00,가능,2026-09-29T09:00:00+09:00 (예시)
예시 테니스장 A,2026-10-11,22:00,23:00,가능,2026-09-29T09:00:00+09:00 (예시)
예시 테니스장 A,2026-10-12,17:00,18:00,가능,2026-09-29T09:00:00+09:00 (예시)
예시 테니스장 A,2026-10-12,19:00,20:00,가능,2026-09-29T09:00:00+09:00 (예시)
예시 테니스장 A,2026-10-12,20:00,21:00,가능,2026-09-29T09:00:00+09:00 (예시)
예시 테니스장 A,2026-10-12,22:00,23:00,가능,2026-09-29T09:00:00+09:00 (예시)
예시 테니스장 A,2026-10-13,18:00,19:00,가능,2026-09-29T09:00:00+09:00 (예시)
예시 테니스장 A,2026-10-13,19:00,20:00,가능,2026-09-29T09:00:00+09:00 (예시)
예시 테니스장 A,2026-10-14,18:00,19:00,가능,2026-09-29T09:00:00+09:00 (예시)
예시 테니스장 A,2026-10-14,19:00,20:00,가능,2026-09-29T09:00:00+09:00 (예시)
예시 테니스장 A,2026-10-14,20:00,21:00,가능,2026-09-29T09:00:00+09:00 (예시)
예시 테니스장 A,2026-10-14,22:00,23:00,가능,2026-09-29T09:00:00+09:00 (예시)
예시 테니스장 A,2026-10-15,17:00,18:00,가능,2026-09-29T09:00:00+09:00 (예시)
예시 테니스장 A,2026-10-15,19:00,20:00,가능,2026-09-29T09:00:00+09:00 (예시)
예시 테니스장 A,2026-10-15,22:00,23:00,가능,2026-09-29T09:00:00+09:00 (예시)
예시 테니스장 B,2026-10-01,18:00,18:30,가능,2026-09-29T09:00:00+09:00 (예시)
예시 테니스장 B,2026-10-01,18:30,19:00,가능,2026-09-29T09:00:00+09:00 (예시)
예시 테니스장 B,2026-10-01,19:00,19:30,가능,2026-09-29T09:00:00+09:00 (예시)
예시 테니스장 B,2026-10-01,19:30,20:00,가능,2026-09-29T09:00:00+09:00 (예시)
예시 테니스장 B,2026-10-01,21:00,21:30,가능,2026-09-29T09:00:00+09:00 (예시)
예시 테니스장 B,2026-10-01,21:30,22:00,가능,2026-09-29T09:00:00+09:00 (예시)
예시 테니스장 B,2026-10-02,17:00,17:30,가능,2026-09-29T09:00:00+09:00 (예시)
예시 테니스장 B,2026-10-02,18:00,18:30,가능,2026-09-29T09:00:00+09:00 (예시)
예시 테니스장 B,2026-10-02,18:30,19:00,가능,2026-09-29T09:00:00+09:00 (예시)
예시 테니스장 B,2026-10-02,19:00,19:30,가능,2026-09-29T09:00:00+09:00 (예시)
예시 테니스장 B,2026-10-02,20:00,20:30,가능,2026-09-29T09:00:00+09:00 (예시)
예시 테니스장 B,2026-10-02,21:00,21:30,가능,2026-09-29T09:00:00+09:00 (예시)
예시 테니스장 B,2026-10-02,21:30,22:00,가능,2026-09-29T09:00:00+09:00 (예시)
예시 테니스장 B,2026-10-03,17:00,17:30,가능,2026-09-29T09:00:00+09:00 (예시)
예시 테니스장 B,2026-10-03,17:30,18:00,가능,2026-09-29T09:00:00+09:00 (예시)
예시 테니스장 B,2026-10-03,18:30,19:00,가능,2026-09-29T09:00:00+09:00 (예시)
예시 테니스장 B,2026-10-03,19:00,19:30,가능,2026-09-29T09:00:00+09:00 (예시)
예시 테니스장 B,2026-10-03,19:30,20:00,가능,2026-09-29T09:00:00+09:00 (예시)
예시 테니스장 B,2026-10-03,20:00,20:30,가능,2026-09-29T09:00:00+09:00 (예시)
예시 테니스장 B,2026-10-03,20:30,21:00,가능,2026-09-29T09:00:00+09:00 (예시)
예시 테니스장 B,2026-10-03,21:00,21:30,가능,2026-09-29T09:00:00+09:00 (예시)
예시 테니스장 B,2026-10-04,17:00,17:30,가능,2026-09-29T09:00:00+09:00 (예시)
예시 테니스장 B,2026-10-04,18:00,18:30,가능,2026-09-29T09:00:00+09:00 (예시)
예시 테니스장 B,2026-10-04,19:00,19:30,가능,2026-09-29T09:00:00+09:00 (예시)
예시 테니스장 B,2026-10-04,20:00,20:30,가능,2026-09-29T09:00:00+09:00 (예시)
예시 테니스장 B,2026-10-04,21:00,21:30,가능,2026-09-29T09:00:00+09:00 (예시)
예시 테니스장 B,2026-10-04,21:30,22:00,가능,2026-09-29T09:00:00+09:00 (예시)
예시 테니스장 B,2026-10-04,22:30,23:00,가능,2026-09-29T09:00:00+09:00 (예시)
예시 테니스장 B,2026-10-05,17:00,17:30,가능,2026-09-29T09:00:00+09:00 (예시)
예시 테니스장 B,2026-10-05,17:30,18:00,가능,2026-09-29T09:00:00+09:00 (예시)
예시 테니스장 B,2026-10-05,18:30,19:00,가능,2026-09-29T09:00:00+09:00 (예시)
예시 테니스장 B,2026-10-05,19:00,19:30,가능,2026-09-29T09:00:00+09:00 (예시)
예시 테니스장 B,2026-10-05,20:00,20:30,가능,2026-09-29T09:00:00+09:00 (예시)
예시 테니스장 B,2026-10-05,20:30,21:00,가능,2026-09-29T09:00:00+09:00 (예시)
예시 테니스장 B,2026-10-05,21:00,21:30,가능,2026-09-29T09:00:00+09:00 (예시)
예시 테니스장 B,2026-10-05,22:00,22:30,가능,2026-09-29T09:00:00+09:00 (예시)
예시 테니스장 B,2026-10-05,22:30,23:00,가능,2026-09-29T09:00:00+09:00 (예시)
예시 테니스장 B,2026-10-06,17:30,18:00,가능,2026-09-29T09:00:00+09:00 (예시)
예시 테니스장 B,2026-10-06,19:00,19:30,가능,2026-09-29T09:00:00+09:00 (예시)
예시 테니스장 B,2026-10-06,19:30,20:00,가능,2026-09-29T09:00:00+09:00 (예시)
예시 테니스장 B,2026-10-06,20:30,21:00,가능,2026-09-29T09:00:00+09:00 (예시)
예시 테니스장 B,2026-10-06,21:00,21:30,가능,2026-09-29T09:00:00+09:00 (예시)
예시 테니스장 B,2026-10-06,21:30,22:00,가능,2026-09-29T09:00:00+09:00 (예시)
예시 테니스장 B,2026-10-06,22:30,23:00,가능,2026-09-29T09:00:00+09:00 (예시)
예시 테니스장 B,2026-10-07,18:00,18:30,가능,2026-09-29T09:00:00+09:00 (예시)
예시 테니스장 B,2026-10-07,18:30,19:00,가능,2026-09-29T09:00:00+09:00 (예시)
예시 테니스장 B,2026-10-07,19:00,19:30,가능,2026-09-29T09:00:00+09:00 (예시)
예시 테니스장 B,2026-10-07,19:30,20:00,가능,2026-09-29T09:00:00+09:00 (예시)
예시 테니스장 B,2026-10-07,20:30,21:00,가능,2026-09-29T09:00:00+09:00 (예시)
예시 테니스장 B,2026-10-07,21:00,21:30,가능,2026-09-29T09:00:00+09:00 (예시)
예시 테니스장 B,2026-10-07,21:30,22:00,가능,2026-09-29T09:00:00+09:00 (예시)
예시 테니스장 B,2026-10-07,22:00,22:30,가능,2026-09-29T09:00:00+09:00 (예시)
예시 테니스장 B,2026-10-07,22:30,23:00,가능,2026-09-29T09:00:00+09:00 (예시)
예시 테니스장 B,2026-10-08,18:00,18:30,가능,2026-09-29T09:00:00+09:00 (예시)
예시 테니스장 B,2026-10-08,18:30,19:00,가능,2026-09-29T09:00:00+09:00 (예시)
예시 테니스장 B,2026-10-08,19:30,20:00,가능,2026-09-29T09:00:00+09:00 (예시)
예시 테니스장 B,2026-10-08,20:00,20:30,가능,2026-09-29T09:00:00+09:00 (예시)
예시 테니스장 B,2026-10-08,20:30,21:00,가능,2026-09-29T09:00:00+09:00 (예시)
예시 테니스장 B,2026-10-08,21:30,22:00,가능,2026-09-29T09:00:00+09:00 (예시)
예시 테니스장 B,2026-10-09,17:00,17:30,가능,2026-09-29T09:00:00+09:00 (예시)
예시 테니스장 B,2026-10-09,17:30,18:00,가능,2026-09-29T09:00:00+09:00 (예시)
예시 테니스장 B,2026-10-09,18:00,18:30,가능,2026-09-29T09:00:00+09:00 (예시)
예시 테니스장 B,2026-10-09,19:30,20:00,가능,2026-09-29T09:00:00+09:00 (예시)
예시 테니스장 B,2026-10-09,20:00,20:30,가능,2026-09-29T09:00:00+09:00 (예시)
예시 테니스장 B,2026-10-09,21:30,22:00,가능,2026-09-29T09:00:00+09:00 (예시)
예시 테니스장 B,2026-10-09,22:00,22:30,가능,2026-09-29T09:00:00+09:00 (예시)
예시 테니스장 B,2026-10-10,17:30,18:00,가능,2026-09-29T09:00:00+09:00 (예시)
예시 테니스장 B,2026-10-10,18:00,18:30,가능,2026-09-29T09:00:00+09:00 (예시)
예시 테니스장 B,2026-10-10,19:00,19:30,가능,2026-09-29T09:00:00+09:00 (예시)
예시 테니스장 B,2026-10-10,20:30,21:00,가능,2026-09-29T09:00:00+09:00 (예시)
예시 테니스장 B,2026-10-10,21:00,21:30,가능,2026-09-29T09:00:00+09:00 (예시)
예시 테니스장 B,2026-10-10,21:30,22:00,가능,2026-09-29T09:00:00+09:00 (예시)
예시 테니스장 B,2026-10-11,17:00,17:30,가능,2026-09-29T09:00:00+09:00 (예시)
예시 테니스장 B,2026-10-11,17:30,18:00,가능,2026-09-29T09:00:00+09:00 (예시)
예시 테니스장 B,2026-10-11,18:30,19:00,가능,2026-09-29T09:00:00+09:00 (예시)
예시 테니스장 B,2026-10-11,19:00,19:30,가능,2026-09-29T09:00:00+09:00 (예시)
예시 테니스장 B,2026-10-11,19:30,20:00,가능,2026-09-29T09:00:00+09:00 (예시)
예시 테니스장 B,2026-10-11,21:00,21:30,가능,2026-09-29T09:00:00+09:00 (예시)
예시 테니스장 B,2026-10-12,17:00,17:30,가능,2026-09-29T09:00:00+09:00 (예시)
예시 테니스장 B,2026-10-12,17:30,18:00,가능,2026-09-29T09:00:00+09:00 (예시)
예시 테니스장 B,2026-10-12,20:30,21:00,가능,2026-09-29T09:00:00+09:00 (예시)
예시 테니스장 B,2026-10-12,21:30,22:00,가능,2026-09-29T09:00:00+09:00 (예시)
예시 테니스장 B,2026-10-12,22:00,22:30,가능,2026-09-29T09:00:00+09:00 (예시)
예시 테니스장 B,2026-10-13,17:30,18:00,가능,2026-09-29T09:00:00+09:00 (예시)
예시 테니스장 B,2026-10-13,18:00,18:30,가능,2026-09-29T09:00:00+09:00 (예시)
예시 테니스장 B,2026-10-13,19:00,19:30,가능,2026-09-29T09:00:00+09:00 (예시)
예시 테니스장 B,2026-10-13,20:00,20:30,가능,2026-09-29T09:00:00+09:00 (예시)
예시 테니스장 B,2026-10-13,21:00,21:30,가능,2026-09-29T09:00:00+09:00 (예시)
예시 테니스장 B,2026-10-13,21:30,22:00,가능,2026-09-29T09:00:00+09:00 (예시)
예시 테니스장 B,2026-10-13,22:30,23:00,가능,2026-09-29T09:00:00+09:00 (예시)
예시 테니스장 B,2026-10-14,17:30,18:00,가능,2026-09-29T09:00:00+09:00 (예시)
예시 테니스장 B,2026-10-14,18:00,18:30,가능,2026-09-29T09:00:00+09:00 (예시)
예시 테니스장 B,2026-10-14,19:30,20:00,가능,2026-09-29T09:00:00+09:00 (예시)
예시 테니스장 B,2026-10-14,20:00,20:30,가능,2026-09-29T09:00:00+09:00 (예시)
예시 테니스장 B,2026-10-14,21:00,21:30,가능,2026-09-29T09:00:00+09:00 (예시)
예시 테니스장 B,2026-10-14,21:30,22:00,가능,2026-09-29T09:00:00+09:00 (예시)
예시 테니스장 B,2026-10-14,22:30,23:00,가능,2026-09-29T09:00:00+09:00 (예시)
예시 테니스장 B,2026-10-15,17:00,17:30,가능,2026-09-29T09:00:00+09:00 (예시)
예시 테니스장 B,2026-10-15,18:00,18:30,가능,2026-09-29T09:00:00+09:00 (예시)
예시 테니스장 B,2026-10-15,19:30,20:00,가능,2026-09-29T09:00:00+09:00 (예시)
예시 테니스장 B,2026-10-15,20:00,20:30,가능,2026-09-29T09:00:00+09:00 (예시)
예시 테니스장 B,2026-10-15,20:30,21:00,가능,2026-09-29T09:00:00+09:00 (예시)
예시 테니스장 B,2026-10-15,21:00,21:30,가능,2026-09-29T09:00:00+09:00 (예시)
예시 테니스장 B,2026-10-15,21:30,22:00,가능,2026-09-29T09:00:00+09:00 (예시)
예시 테니스장 B,2026-10-15,22:00,22:30,가능,2026-09-29T09:00:00+09:00 (예시)
예시 테니스장 B,2026-10-15,22:30,23:00,가능,2026-09-29T09:00:00+09:00 (예시)
예시 테니스장 C,2026-10-01,17:00,18:00,가능,2026-09-29T09:00:00+09:00 (예시)
예시 테니스장 C,2026-10-01,19:00,20:00,가능,2026-09-29T09:00:00+09:00 (예시)
예시 테니스장 C,2026-10-01,22:00,23:00,가능,2026-09-29T09:00:00+09:00 (예시)
예시 테니스장 C,2026-10-02,20:00,21:00,가능,2026-09-29T09:00:00+09:00 (예시)
예시 테니스장 C,2026-10-02,22:00,23:00,가능,2026-09-29T09:00:00+09:00 (예시)
예시 테니스장 C,2026-10-03,19:00,20:00,가능,2026-09-29T09:00:00+09:00 (예시)
예시 테니스장 C,2026-10-03,22:00,23:00,가능,2026-09-29T09:00:00+09:00 (예시)
예시 테니스장 C,2026-10-04,17:00,18:00,가능,2026-09-29T09:00:00+09:00 (예시)
예시 테니스장 C,2026-10-04,19:00,20:00,가능,2026-09-29T09:00:00+09:00 (예시)
예시 테니스장 C,2026-10-04,20:00,21:00,가능,2026-09-29T09:00:00+09:00 (예시)
예시 테니스장 C,2026-10-04,21:00,22:00,가능,2026-09-29T09:00:00+09:00 (예시)
예시 테니스장 C,2026-10-04,22:00,23:00,가능,2026-09-29T09:00:00+09:00 (예시)
예시 테니스장 C,2026-10-05,19:00,20:00,가능,2026-09-29T09:00:00+09:00 (예시)
예시 테니스장 C,2026-10-05,20:00,21:00,가능,2026-09-29T09:00:00+09:00 (예시)
예시 테니스장 C,2026-10-05,22:00,23:00,가능,2026-09-29T09:00:00+09:00 (예시)
예시 테니스장 C,2026-10-06,17:00,18:00,가능,2026-09-29T09:00:00+09:00 (예시)
예시 테니스장 C,2026-10-06,21:00,22:00,가능,2026-09-29T09:00:00+09:00 (예시)
예시 테니스장 C,2026-10-06,22:00,23:00,가능,2026-09-29T09:00:00+09:00 (예시)
예시 테니스장 C,2026-10-07,19:00,20:00,가능,2026-09-29T09:00:00+09:00 (예시)
예시 테니스장 C,2026-10-07,21:00,22:00,가능,2026-09-29T09:00:00+09:00 (예시)
예시 테니스장 C,2026-10-07,22:00,23:00,가능,2026-09-29T09:00:00+09:00 (예시)
예시 테니스장 C,2026-10-08,18:00,19:00,가능,2026-09-29T09:00:00+09:00 (예시)
예시 테니스장 C,2026-10-08,20:00,21:00,가능,2026-09-29T09:00:00+09:00 (예시)
예시 테니스장 C,2026-10-09,17:00,18:00,가능,2026-09-29T09:00:00+09:00 (예시)
예시 테니스장 C,2026-10-09,18:00,19:00,가능,2026-09-29T09:00:00+09:00 (예시)
예시 테니스장 C,2026-10-09,20:00,21:00,가능,2026-09-29T09:00:00+09:00 (예시)
예시 테니스장 C,2026-10-09,22:00,23:00,가능,2026-09-29T09:00:00+09:00 (예시)
예시 테니스장 C,2026-10-10,19:00,20:00,가능,2026-09-29T09:00:00+09:00 (예시)
예시 테니스장 C,2026-10-10,22:00,23:00,가능,2026-09-29T09:00:00+09:00 (예시)
예시 테니스장 C,2026-10-11,17:00,18:00,가능,2026-09-29T09:00:00+09:00 (예시)
예시 테니스장 C,2026-10-11,18:00,19:00,가능,2026-09-29T09:00:00+09:00 (예시)
예시 테니스장 C,2026-10-11,19:00,20:00,가능,2026-09-29T09:00:00+09:00 (예시)
예시 테니스장 C,2026-10-11,20:00,21:00,가능,2026-09-29T09:00:00+09:00 (예시)
예시 테니스장 C,2026-10-11,22:00,23:00,가능,2026-09-29T09:00:00+09:00 (예시)
예시 테니스장 C,2026-10-12,17:00,18:00,가능,2026-09-29T09:00:00+09:00 (예시)
예시 테니스장 C,2026-10-12,18:00,19:00,가능,2026-09-29T09:00:00+09:00 (예시)
예시 테니스장 C,2026-10-12,20:00,21:00,가능,2026-09-29T09:00:00+09:00 (예시)
예시 테니스장 C,2026-10-12,22:00,23:00,가능,2026-09-29T09:00:00+09:00 (예시)
예시 테니스장 C,2026-10-13,17:00,18:00,가능,2026-09-29T09:00:00+09:00 (예시)
예시 테니스장 C,2026-10-13,19:00,20:00,가능,2026-09-29T09:00:00+09:00 (예시)
예시 테니스장 C,2026-10-13,21:00,22:00,가능,2026-09-29T09:00:00+09:00 (예시)
예시 테니스장 C,2026-10-13,22:00,23:00,가능,2026-09-29T09:00:00+09:00 (예시)
예시 테니스장 C,2026-10-14,17:00,18:00,가능,2026-09-29T09:00:00+09:00 (예시)
예시 테니스장 C,2026-10-14,18:00,19:00,가능,2026-09-29T09:00:00+09:00 (예시)
예시 테니스장 C,2026-10-14,19:00,20:00,가능,2026-09-29T09:00:00+09:00 (예시)
예시 테니스장 C,2026-10-14,21:00,22:00,가능,2026-09-29T09:00:00+09:00 (예시)
예시 테니스장 C,2026-10-15,17:00,18:00,가능,2026-09-29T09:00:00+09:00 (예시)
예시 테니스장 C,2026-10-15,21:00,22:00,가능,2026-09-29T09:00:00+09:00 (예시)
예시 테니스장 C,2026-10-15,22:00,23:00,가능,2026-09-29T09:00:00+09:00 (예시)
예시 테니스장 D,2026-10-01,19:00,19:30,가능,2026-09-29T09:00:00+09:00 (예시)
예시 테니스장 D,2026-10-01,19:30,20:00,가능,2026-09-29T09:00:00+09:00 (예시)
예시 테니스장 D,2026-10-02,19:00,19:30,가능,2026-09-29T09:00:00+09:00 (예시)
예시 테니스장 D,2026-10-02,19:30,20:00,가능,2026-09-29T09:00:00+09:00 (예시)
예시 테니스장 D,2026-10-03,18:00,18:30,가능,2026-09-29T09:00:00+09:00 (예시)
예시 테니스장 D,2026-10-03,21:00,21:30,가능,2026-09-29T09:00:00+09:00 (예시)
예시 테니스장 D,2026-10-03,21:30,22:00,가능,2026-09-29T09:00:00+09:00 (예시)
예시 테니스장 D,2026-10-04,18:00,18:30,가능,2026-09-29T09:00:00+09:00 (예시)
예시 테니스장 D,2026-10-04,21:00,21:30,가능,2026-09-29T09:00:00+09:00 (예시)
예시 테니스장 D,2026-10-04,21:30,22:00,가능,2026-09-29T09:00:00+09:00 (예시)
예시 테니스장 D,2026-10-05,19:00,19:30,가능,2026-09-29T09:00:00+09:00 (예시)
예시 테니스장 D,2026-10-05,19:30,20:00,가능,2026-09-29T09:00:00+09:00 (예시)
예시 테니스장 D,2026-10-06,19:00,19:30,가능,2026-09-29T09:00:00+09:00 (예시)
예시 테니스장 D,2026-10-06,19:30,20:00,가능,2026-09-29T09:00:00+09:00 (예시)
예시 테니스장 D,2026-10-07,18:00,18:30,가능,2026-09-29T09:00:00+09:00 (예시)
예시 테니스장 D,2026-10-07,21:00,21:30,가능,2026-09-29T09:00:00+09:00 (예시)
예시 테니스장 D,2026-10-07,21:30,22:00,가능,2026-09-29T09:00:00+09:00 (예시)
예시 테니스장 D,2026-10-08,17:30,18:00,가능,2026-09-29T09:00:00+09:00 (예시)
예시 테니스장 D,2026-10-08,19:30,20:00,가능,2026-09-29T09:00:00+09:00 (예시)
예시 테니스장 D,2026-10-08,21:00,21:30,가능,2026-09-29T09:00:00+09:00 (예시)
예시 테니스장 D,2026-10-08,22:30,23:00,가능,2026-09-29T09:00:00+09:00 (예시)
예시 테니스장 D,2026-10-09,17:30,18:00,가능,2026-09-29T09:00:00+09:00 (예시)
예시 테니스장 D,2026-10-09,18:00,18:30,가능,2026-09-29T09:00:00+09:00 (예시)
예시 테니스장 D,2026-10-09,18:30,19:00,가능,2026-09-29T09:00:00+09:00 (예시)
예시 테니스장 D,2026-10-09,19:00,19:30,가능,2026-09-29T09:00:00+09:00 (예시)
예시 테니스장 D,2026-10-09,20:30,21:00,가능,2026-09-29T09:00:00+09:00 (예시)
예시 테니스장 D,2026-10-09,21:30,22:00,가능,2026-09-29T09:00:00+09:00 (예시)
예시 테니스장 D,2026-10-09,22:30,23:00,가능,2026-09-29T09:00:00+09:00 (예시)
예시 테니스장 D,2026-10-10,17:00,17:30,가능,2026-09-29T09:00:00+09:00 (예시)
예시 테니스장 D,2026-10-10,18:00,18:30,가능,2026-09-29T09:00:00+09:00 (예시)
예시 테니스장 D,2026-10-10,18:30,19:00,가능,2026-09-29T09:00:00+09:00 (예시)
예시 테니스장 D,2026-10-10,20:00,20:30,가능,2026-09-29T09:00:00+09:00 (예시)
예시 테니스장 D,2026-10-10,20:30,21:00,가능,2026-09-29T09:00:00+09:00 (예시)
예시 테니스장 D,2026-10-10,21:00,21:30,가능,2026-09-29T09:00:00+09:00 (예시)
예시 테니스장 D,2026-10-11,17:00,17:30,가능,2026-09-29T09:00:00+09:00 (예시)
예시 테니스장 D,2026-10-11,18:00,18:30,가능,2026-09-29T09:00:00+09:00 (예시)
예시 테니스장 D,2026-10-11,18:30,19:00,가능,2026-09-29T09:00:00+09:00 (예시)
예시 테니스장 D,2026-10-11,19:00,19:30,가능,2026-09-29T09:00:00+09:00 (예시)
예시 테니스장 D,2026-10-11,19:30,20:00,가능,2026-09-29T09:00:00+09:00 (예시)
예시 테니스장 D,2026-10-11,20:30,21:00,가능,2026-09-29T09:00:00+09:00 (예시)
예시 테니스장 D,2026-10-11,21:00,21:30,가능,2026-09-29T09:00:00+09:00 (예시)
예시 테니스장 D,2026-10-11,22:00,22:30,가능,2026-09-29T09:00:00+09:00 (예시)
예시 테니스장 D,2026-10-12,17:00,17:30,가능,2026-09-29T09:00:00+09:00 (예시)
예시 테니스장 D,2026-10-12,17:30,18:00,가능,2026-09-29T09:00:00+09:00 (예시)
예시 테니스장 D,2026-10-12,18:00,18:30,가능,2026-09-29T09:00:00+09:00 (예시)
예시 테니스장 D,2026-10-12,19:30,20:00,가능,2026-09-29T09:00:00+09:00 (예시)
예시 테니스장 D,2026-10-12,20:30,21:00,가능,2026-09-29T09:00:00+09:00 (예시)
예시 테니스장 D,2026-10-12,21:00,21:30,가능,2026-09-29T09:00:00+09:00 (예시)
예시 테니스장 D,2026-10-12,22:00,22:30,가능,2026-09-29T09:00:00+09:00 (예시)
예시 테니스장 D,2026-10-13,17:00,17:30,가능,2026-09-29T09:00:00+09:00 (예시)
예시 테니스장 D,2026-10-13,17:30,18:00,가능,2026-09-29T09:00:00+09:00 (예시)
예시 테니스장 D,2026-10-13,18:00,18:30,가능,2026-09-29T09:00:00+09:00 (예시)
예시 테니스장 D,2026-10-13,19:00,19:30,가능,2026-09-29T09:00:00+09:00 (예시)
예시 테니스장 D,2026-10-13,19:30,20:00,가능,2026-09-29T09:00:00+09:00 (예시)
예시 테니스장 D,2026-10-13,21:30,22:00,가능,2026-09-29T09:00:00+09:00 (예시)
예시 테니스장 D,2026-10-13,22:00,22:30,가능,2026-09-29T09:00:00+09:00 (예시)
예시 테니스장 D,2026-10-13,22:30,23:00,가능,2026-09-29T09:00:00+09:00 (예시)
예시 테니스장 D,2026-10-14,17:30,18:00,가능,2026-09-29T09:00:00+09:00 (예시)
예시 테니스장 D,2026-10-14,18:00,18:30,가능,2026-09-29T09:00:00+09:00 (예시)
예시 테니스장 D,2026-10-14,19:00,19:30,가능,2026-09-29T09:00:00+09:00 (예시)
예시 테니스장 D,2026-10-14,19:30,20:00,가능,2026-09-29T09:00:00+09:00 (예시)
예시 테니스장 D,2026-10-14,22:30,23:00,가능,2026-09-29T09:00:00+09:00 (예시)
예시 테니스장 D,2026-10-15,17:00,17:30,가능,2026-09-29T09:00:00+09:00 (예시)
예시 테니스장 D,2026-10-15,17:30,18:00,가능,2026-09-29T09:00:00+09:00 (예시)
예시 테니스장 D,2026-10-15,19:30,20:00,가능,2026-09-29T09:00:00+09:00 (예시)
예시 테니스장 D,2026-10-15,20:00,20:30,가능,2026-09-29T09:00:00+09:00 (예시)
예시 테니스장 D,2026-10-15,21:00,21:30,가능,2026-09-29T09:00:00+09:00 (예시)
예시 테니스장 D,2026-10-15,21:30,22:00,가능,2026-09-29T09:00:00+09:00 (예시)
예시 테니스장 D,2026-10-15,22:00,22:30,가능,2026-09-29T09:00:00+09:00 (예시)
예시 테니스장 D,2026-10-15,22:30,23:00,가능,2026-09-29T09:00:00+09:00 (예시)
예시 테니스장 E,2026-10-01,20:00,21:00,가능,2026-09-29T09:00:00+09:00 (예시)
예시 테니스장 E,2026-10-01,21:00,22:00,가능,2026-09-29T09:00:00+09:00 (예시)
예시 테니스장 E,2026-10-01,22:00,23:00,가능,2026-09-29T09:00:00+09:00 (예시)
예시 테니스장 E,2026-10-02,17:00,18:00,가능,2026-09-29T09:00:00+09:00 (예시)
예시 테니스장 E,2026-10-02,21:00,22:00,가능,2026-09-29T09:00:00+09:00 (예시)
예시 테니스장 E,2026-10-03,17:00,18:00,가능,2026-09-29T09:00:00+09:00 (예시)
예시 테니스장 E,2026-10-03,18:00,19:00,가능,2026-09-29T09:00:00+09:00 (예시)
예시 테니스장 E,2026-10-03,19:00,20:00,가능,2026-09-29T09:00:00+09:00 (예시)
예시 테니스장 E,2026-10-03,21:00,22:00,가능,2026-09-29T09:00:00+09:00 (예시)
예시 테니스장 E,2026-10-04,17:00,18:00,가능,2026-09-29T09:00:00+09:00 (예시)
예시 테니스장 E,2026-10-04,18:00,19:00,가능,2026-09-29T09:00:00+09:00 (예시)
예시 테니스장 E,2026-10-04,19:00,20:00,가능,2026-09-29T09:00:00+09:00 (예시)
예시 테니스장 E,2026-10-04,20:00,21:00,가능,2026-09-29T09:00:00+09:00 (예시)
예시 테니스장 E,2026-10-04,22:00,23:00,가능,2026-09-29T09:00:00+09:00 (예시)
예시 테니스장 E,2026-10-05,17:00,18:00,가능,2026-09-29T09:00:00+09:00 (예시)
예시 테니스장 E,2026-10-05,18:00,19:00,가능,2026-09-29T09:00:00+09:00 (예시)
예시 테니스장 E,2026-10-05,19:00,20:00,가능,2026-09-29T09:00:00+09:00 (예시)
예시 테니스장 E,2026-10-05,22:00,23:00,가능,2026-09-29T09:00:00+09:00 (예시)
예시 테니스장 E,2026-10-06,19:00,20:00,가능,2026-09-29T09:00:00+09:00 (예시)
예시 테니스장 E,2026-10-06,22:00,23:00,가능,2026-09-29T09:00:00+09:00 (예시)
예시 테니스장 E,2026-10-07,18:00,19:00,가능,2026-09-29T09:00:00+09:00 (예시)
예시 테니스장 E,2026-10-07,20:00,21:00,가능,2026-09-29T09:00:00+09:00 (예시)
예시 테니스장 E,2026-10-08,17:00,18:00,가능,2026-09-29T09:00:00+09:00 (예시)
예시 테니스장 E,2026-10-08,18:00,19:00,가능,2026-09-29T09:00:00+09:00 (예시)
예시 테니스장 E,2026-10-08,19:00,20:00,가능,2026-09-29T09:00:00+09:00 (예시)
예시 테니스장 E,2026-10-08,21:00,22:00,가능,2026-09-29T09:00:00+09:00 (예시)
예시 테니스장 E,2026-10-09,19:00,20:00,가능,2026-09-29T09:00:00+09:00 (예시)
예시 테니스장 E,2026-10-10,17:00,18:00,가능,2026-09-29T09:00:00+09:00 (예시)
예시 테니스장 E,2026-10-10,19:00,20:00,가능,2026-09-29T09:00:00+09:00 (예시)
예시 테니스장 E,2026-10-10,21:00,22:00,가능,2026-09-29T09:00:00+09:00 (예시)
예시 테니스장 E,2026-10-11,18:00,19:00,가능,2026-09-29T09:00:00+09:00 (예시)
예시 테니스장 E,2026-10-11,20:00,21:00,가능,2026-09-29T09:00:00+09:00 (예시)
예시 테니스장 E,2026-10-11,21:00,22:00,가능,2026-09-29T09:00:00+09:00 (예시)
예시 테니스장 E,2026-10-11,22:00,23:00,가능,2026-09-29T09:00:00+09:00 (예시)
예시 테니스장 E,2026-10-12,18:00,19:00,가능,2026-09-29T09:00:00+09:00 (예시)
예시 테니스장 E,2026-10-12,19:00,20:00,가능,2026-09-29T09:00:00+09:00 (예시)
예시 테니스장 E,2026-10-13,18:00,19:00,가능,2026-09-29T09:00:00+09:00 (예시)
예시 테니스장 E,2026-10-13,20:00,21:00,가능,2026-09-29T09:00:00+09:00 (예시)
예시 테니스장 E,2026-10-13,22:00,23:00,가능,2026-09-29T09:00:00+09:00 (예시)
예시 테니스장 E,2026-10-14,17:00,18:00,가능,2026-09-29T09:00:00+09:00 (예시)
예시 테니스장 E,2026-10-14,19:00,20:00,가능,2026-09-29T09:00:00+09:00 (예시)
예시 테니스장 E,2026-10-14,20:00,21:00,가능,2026-09-29T09:00:00+09:00 (예시)
예시 테니스장 E,2026-10-15,17:00,18:00,가능,2026-09-29T09:00:00+09:00 (예시)
예시 테니스장 E,2026-10-15,19:00,20:00,가능,2026-09-29T09:00:00+09:00 (예시)
예시 테니스장 E,2026-10-15,20:00,21:00,가능,2026-09-29T09:00:00+09:00 (예시)
예시 테니스장 E,2026-10-15,21:00,22:00,가능,2026-09-29T09:00:00+09:00 (예시)
예시 테니스장 E,2026-10-15,22:00,23:00,가능,2026-09-29T09:00:00+09:00 (예시)
예시 테니스장 G,2026-10-01,19:00,20:00,가능,2026-09-29T09:00:00+09:00 (예시)
예시 테니스장 G,2026-10-01,20:00,21:00,가능,2026-09-29T09:00:00+09:00 (예시)
예시 테니스장 G,2026-10-01,21:00,22:00,가능,2026-09-29T09:00:00+09:00 (예시)
예시 테니스장 G,2026-10-02,20:00,21:00,가능,2026-09-29T09:00:00+09:00 (예시)
예시 테니스장 G,2026-10-02,21:00,22:00,가능,2026-09-29T09:00:00+09:00 (예시)
예시 테니스장 G,2026-10-02,22:00,23:00,가능,2026-09-29T09:00:00+09:00 (예시)
예시 테니스장 G,2026-10-03,17:00,18:00,가능,2026-09-29T09:00:00+09:00 (예시)
예시 테니스장 G,2026-10-03,20:00,21:00,가능,2026-09-29T09:00:00+09:00 (예시)
예시 테니스장 G,2026-10-03,22:00,23:00,가능,2026-09-29T09:00:00+09:00 (예시)
예시 테니스장 G,2026-10-04,20:00,21:00,가능,2026-09-29T09:00:00+09:00 (예시)
예시 테니스장 G,2026-10-04,21:00,22:00,가능,2026-09-29T09:00:00+09:00 (예시)
예시 테니스장 G,2026-10-05,20:00,21:00,가능,2026-09-29T09:00:00+09:00 (예시)
예시 테니스장 G,2026-10-05,21:00,22:00,가능,2026-09-29T09:00:00+09:00 (예시)
예시 테니스장 G,2026-10-06,17:00,18:00,가능,2026-09-29T09:00:00+09:00 (예시)
예시 테니스장 G,2026-10-06,19:00,20:00,가능,2026-09-29T09:00:00+09:00 (예시)
예시 테니스장 G,2026-10-06,20:00,21:00,가능,2026-09-29T09:00:00+09:00 (예시)
예시 테니스장 G,2026-10-07,17:00,18:00,가능,2026-09-29T09:00:00+09:00 (예시)
예시 테니스장 G,2026-10-07,19:00,20:00,가능,2026-09-29T09:00:00+09:00 (예시)
예시 테니스장 G,2026-10-08,19:00,20:00,가능,2026-09-29T09:00:00+09:00 (예시)
예시 테니스장 G,2026-10-09,18:00,19:00,가능,2026-09-29T09:00:00+09:00 (예시)
예시 테니스장 G,2026-10-09,19:00,20:00,가능,2026-09-29T09:00:00+09:00 (예시)
예시 테니스장 G,2026-10-09,21:00,22:00,가능,2026-09-29T09:00:00+09:00 (예시)
예시 테니스장 G,2026-10-09,22:00,23:00,가능,2026-09-29T09:00:00+09:00 (예시)
예시 테니스장 G,2026-10-10,17:00,18:00,가능,2026-09-29T09:00:00+09:00 (예시)
예시 테니스장 G,2026-10-10,18:00,19:00,가능,2026-09-29T09:00:00+09:00 (예시)
예시 테니스장 G,2026-10-10,22:00,23:00,가능,2026-09-29T09:00:00+09:00 (예시)
예시 테니스장 G,2026-10-11,17:00,18:00,가능,2026-09-29T09:00:00+09:00 (예시)
예시 테니스장 G,2026-10-11,19:00,20:00,가능,2026-09-29T09:00:00+09:00 (예시)
예시 테니스장 G,2026-10-12,17:00,18:00,가능,2026-09-29T09:00:00+09:00 (예시)
예시 테니스장 G,2026-10-13,17:00,18:00,가능,2026-09-29T09:00:00+09:00 (예시)
예시 테니스장 G,2026-10-13,18:00,19:00,가능,2026-09-29T09:00:00+09:00 (예시)
예시 테니스장 G,2026-10-13,19:00,20:00,가능,2026-09-29T09:00:00+09:00 (예시)
예시 테니스장 G,2026-10-13,20:00,21:00,가능,2026-09-29T09:00:00+09:00 (예시)
예시 테니스장 G,2026-10-13,21:00,22:00,가능,2026-09-29T09:00:00+09:00 (예시)
예시 테니스장 G,2026-10-14,17:00,18:00,가능,2026-09-29T09:00:00+09:00 (예시)
예시 테니스장 G,2026-10-14,18:00,19:00,가능,2026-09-29T09:00:00+09:00 (예시)
예시 테니스장 G,2026-10-14,19:00,20:00,가능,2026-09-29T09:00:00+09:00 (예시)
예시 테니스장 G,2026-10-14,20:00,21:00,가능,2026-09-29T09:00:00+09:00 (예시)
예시 테니스장 G,2026-10-14,21:00,22:00,가능,2026-09-29T09:00:00+09:00 (예시)
예시 테니스장 G,2026-10-15,18:00,19:00,가능,2026-09-29T09:00:00+09:00 (예시)
예시 테니스장 G,2026-10-15,21:00,22:00,가능,2026-09-29T09:00:00+09:00 (예시)
예시 테니스장 G,2026-10-15,22:00,23:00,가능,2026-09-29T09:00:00+09:00 (예시)
